Make	Model	Trim																																																																																				
212	T01																																																																																					
Abarth	695	595 Competizione	595 Scorpionearo	124 Spider																																																																																		
Acura	MDX	TLX	RDX	NSX	ILX																																																																																	
AION	ES																																																																																					
Alfa Romeo	147	156	159	166	4C	Brera	GT Coupe	Giulia	Giulia Quadrifoglio	Giulietta	Giulietta QV	Mito	Spider	Stelvio	Stelvio Quadrifoglio	Tonale																																																																						
Arcfox	Arcfox Alpha S																																																																																					
Aston Martin	DB11	DB11 Volante	DB12 Coupe	DB12 Volante	DB7	DB9	DB9 Volante	DBS	DBS Volante	DBX	One-77	Rapide	V12 Vantage	V12 Vantage Roadster	V8 Vantage	V8 Vantage Roadster	Valour	Vanquish	Vanquish Volante	Zagato																																																																		
Audi	A1	A3	A3 Sedan	A4	A5	A5 Cabriolet	A5 Coupe	A5 Sportback	A6	A6 Sportback e-tron	A7	A8	E-Tron	E-Tron GT quattro	E-Tron Sportback	Q2	Q3	Q3 Sportback	Q5	Q6 e-tron	Q7	Q8	Q8 E-Tron	Q8 E-Tron Sportback	R8	R8 Spyder	RS 3	RS 3 Sedan	RS 4	RS 5	RS 5 Sportback	RS 6	RS 7	RS Q3	RS Q8	RS e-Tron GT	S Q5	S Q7	S Q8	S3	S3 Sportback	S4	S5	S6	S6 Sportback e-tron	S7	S8	SQ8 E-Tron Sportback	TT																																					
Avatr	12	11																																																																																				
BAIC	BJ30	BJ40	U5 PLUS	X35	BJ60	X7	X55	BJ80	D20	A1 Hatchback	A5 Sedan	A1 Sedan																																																																										
Bentley	Continental GT	Bentayga	Flying Spur	Continental GTC	Mulsanne	Continental Flying Spur	Azure	Arnage	Brooklands	Continental																																																																												
Bestune	T77 Pro	B70	T90 	B70s	T99	T33																																																																																
BMW	1-Series	2-Series	2-Series Active Tourer	2-Series Convertible	2-Series Gran Coupe	3-Series	3-Series Convertible	3-Series Coupe	4-Series	4-Series Convertible	4-Series Gran Coupe	5-Series	5-Series GT	6-Series Cabriolet	6-Series Coupe	6-Series Gran Coupe	6-Series Gran Turismo	7-Series	8-Series	8-Series Convertible	8-Series Gran Coupe	M2	M3	M3 Convertible	M3 Coupe	M4	M4 Convertible	M5	M6 Cabriolet	M6 Coupe	M6 Gran Coupe	M8	M8 Convertible	M8 Gran Coupe	X1	X2	X3	X4	X5	X5 M	X6	X6 M	X7	XM	Z4	i5	i7	i8	iX	iX1																																				
Borgward	BX5	BX7																																																																																				
Brilliance	FRV CROSS	FRV	V5	H530	FSV																																																																																	
Bugatti	TOURBILLON	CHIRON	DIVO	VEYRON	VEYRON GRAND SPORT																																																																																	
BYD	Song Plus	Shark 6	Qin Plus	Sealion 7	Seal	Seal 7	Han	Atto 3	F3	Song Pro	Qin Pro	S6	F6	F5	F7																																																																							
Cadillac	ATS	ATS Coupe	ATS-V	ATS-V Coupe	BLS	CT4	CT4-V	CT5	CT5-V	CT6	CTS	CTS Coupe	CTS-V	CTS-V Coupe	DTS	Escalade	Escalade-V	Lyriq	Optiq	SLS	SRX	STS	XLR	XT4	XT5	XT6	XTS																																																											
Caterham	Seven																																																																																					
Changan	Eado	CS35 Plus	Alsvin	Uni-K	CS95	Uni-T	CS75 Plus	Uni-V	CS85	CS75	CS35																																																																											
Chery	A11 Windcloud	Arrizo 3	Arrizo 5	Arrizo 6	Arrizo 7	Arrizo 8	B11 Oriental Son	E5	E8	S11 QQ	T11 Tiggo	Tiggo 3	Tiggo 4	Tiggo 5	Tiggo 7	Tiggo 7 Pro Max	Tiggo 8	Tiggo 8 Pro Max	Tiggo 8 Pro Plug-in Hybrid	Tiggo 9	V5 Crossover																																																																	
Chevrolet	Avalanche	Aveo	Aveo Hatchback	Aveo5	Blazer	Bolt	Bolt EUV	CSV CR8	Camaro	Camaro Convertible	Camaro ZL1	Caprice	Captiva	Captiva EV	Captiva PHEV	Colorado	Corvette	Cruze	Cruze Hatchback	Epica	Equinox	Equinox EV	Express	Groove	Impala	Lumina	Malibu	Optra	Silverado	Sonic	Sonic Hatchback	Spark	Spark EUV	Suburban	T-Series	Tahoe	Trailblazer	Traverse	Trax	Uplander																																														
Chrysler	300C	300 SRT	Pacifica	Grand Voyager	200	Sebring	Crossfire	PT Cruiser																																																																														
Citroen	C4	C5 Aircross	C3 Aircross	C3	C5	C-Elysee	DS3	C8	DS4	DS5	C4 Picasso	Xsara Picasso	C2	Saxo																																																																								
CMC	Z7																																																																																					
Daihatsu	Terios	Sirion	Gran Max Pickup	Gran Max Van	Materia	Charade	YRV																																																																															
Deepal	SO5	SO7																																																																																				
Denza	B5	B8																																																																																				
DFSK	Fengon ix5	Fengon 600	Fengon 500	Fengon 580	Fengon ix7	H30 Cross	S30																																																																															
Dodge	Avenger	Caliber	Challenger	Challenger SRT	Charger	Charger SRT	Dakota	Dart	Durango	Durango SRT	Neon	Nitro	Ram	Viper																																																																								
Dongfeng	Shine	Mage	AX7	Shine Max																																																																																		
Dorcen	G70S	G60S																																																																																				
Exeed	RX	LX	VX	TXL	ES																																																																																	
FAW	Besturn X40	Besturn X80																																																																																				
Ferrari	12Cilindri	296 GTB	296 GTS	360	458	458 Spider	488 GTB	488 Spider	599 GTB Fiorano	612 Scaglietti	812 GTS	812 Superfast	California	California T	F12 Berlinetta	F430	F430 Spider	F8 Spider	F8 Tributo	FF	GTC4Lusso	GTC4Lusso T	LaFerrari	Portofino	Purosangue	Roma	SF90 Stradale																																																											
Fiat	500X	500	Ducato	Fiorino	500L	Fullback	Linea	Bravo	Punto																																																																													
Fisker	Karma																																																																																					
Ford	Bronco	Bronco 2-door	Bronco Raptor	Crown Victoria	Ecosport	Edge	Escape	Escort	Everest	Expedition	Explorer	F-150	F-150 Raptor	Fiesta	Figo	Five Hundred	Flex	Focus	Focus ST	Freestar	Fusion	GT	Mondeo	Mustang	Mustang Convertible	Mustang Mach 1	Mustang Mach-E	Ranger	Ranger Raptor	Shelby GT500	Taurus	Territory	Tourneo Custom	Transit	Transit Custom																																																			
Forthing	T5 EVO	T5 HEV	M4 U-Tour	Friday																																																																																		
Foton	View C1 Minibus	SUP	Tunland																																																																																			
GAC	GS3 Emzoom	GS8	Empow	Emkoo	M8	GS8 Traveller	GA4	GS3	GS4	GS5	GN8	GA6	GA8	GS7	GA5	GA3																																																																						
Geely	Coolray	Monjaro	Emgrand	Cityray	GX3 Pro	Preface	Starray	EX5	Tugella	Okavango	Geometry C																																																																											
Genesis	G80	G70	GV70	GV80	G90	GV70 EV																																																																																
GMC	Yukon	Sierra 1500	Terrain	Acadia	Canyon	Hummer EV SUV	Hummer EV Pickup	Envoy	Savana																																																																													
Great Wall	Wingle 5	Wingle 7	Poer	King Kong Poer	Wingle 6	Florid																																																																																
Haval	H9	H7	H6	Jolion	H6 GT	Dargo	H6 HEV	H2 Crossover	H8	V7																																																																												
Honda	Accord	Accord Coupe	Accord Crosstour	Accord eHEV	CR-V	CRX	City	Civic	Civic Hatchback	Civic Type R	HR-V	Jazz	Legend	MR-V	Odyssey	Odyssey J	Pilot	S2000	ZR-V																																																																			
Hongqi	HS5	H9	E-HS9	H5	HS3	Ousado	HS7	H6	H7	E-QM5	إتش 9																																																																											
Hummer	H2	H3																																																																																				
Hyptec	HT																																																																																					
Hyundai	Accent	Atos Prime	Azera	Centennial	Coupe	Creta	Elantra	Elantra Coupe	Genesis	Genesis Coupe	Getz	Grand Santa Fe	Grand i10	H1	Ioniq 5	Kona	Kona Hybrid	Matrix	Palisade	Santa Fe	Sonata	Stargazer	Staria	Terracan	Trajet	Tucson	Veloster	Veloster N	Veloster Turbo	Venue	Veracruz	i10	i20	i30	i40																																																			
iCaur	V27	03T																																																																																				
IM Motors																																																																																						
Ineos	Grenadier																																																																																					
Infiniti	EX	FX	G	G35	G35 Coupe	G37 Convertible	G37 Coupe	JX	M	Q30	Q45	Q50	Q60 Convertible	Q60 Coupe	Q70	QX30	QX50	QX55	QX56	QX60	QX70	QX80																																																																
International	MXT																																																																																					
Isuzu	D-Max	MU-X	D-Max Arctic Trucks AT35	Trooper																																																																																		
JAC	J7	JS6	JS3	JS4	E30X	Sunray	S3 SUV	M5 MPV	S7	J4	J5	J6																																																																										
Jaecoo	J5	J7	J8																																																																																			
Jaguar	E-Pace	F-Pace	F-Type	F-Type Coupe	F-Type SVR Convertible	F-Type SVR Coupe	I-Pace	S-Type	X-Type	XE	XF	XF Sportbrake	XFR-S	XJ	XK	XK Convertible																																																																						
Jeep	Cherokee	Commander	Compass	Gladiator	Grand Cherokee	Grand Cherokee L	Grand Cherokee SRT	Grand Cherokee Trackhawk	Grand Wagoneer	Patriot	Renegade	Wrangler	Wrangler Rubicon 392	Wrangler Unlimited																																																																								
Jetour	G700	T2	T1	Dashing	X50	X70 Plus	X90 Plus																																																																															
Kaiyi	X7	X3 Pro	X3	E5																																																																																		
Kia	Cadenza	Carens	Carnival	Cerato	Cerato Hatchback	Cerato Koup	EV5	EV6	EV9	K3	K4	K5	K8	K900	Mohave	Niro	Opirus	Optima	Pegas	Picanto	Quoris	Rio	Rio Hatchback	Seltos	Sonet	Sorento	Soul	Sportage	Stinger	Tasman	Telluride																																																							
King Long	Mini Van																																																																																					
Koenigsegg	Jesko	CCX																																																																																				
KTM	X-Bow																																																																																					
Lamborghini	Urus	Revuelto	Huracan	Aventador	Gallardo	Aventador Roadster	Huracan Spyder	Murcielago																																																																														
Land Rover	Defender	Defender 110	Defender 130	Defender 90	Discovery	Discovery Sport	Freelander	LR2	LR3	LR4	Range Rover	Range Rover Evoque	Range Rover Evoque Convertible	Range Rover Evoque Coupe	Range Rover Sport	Range Rover Sport SVR	Range Rover Velar																																																																					
Lepas																																																																																						
Lexus	LX	ES	RX	RX Hybrid	LC	UX Hybrid	RC	IS	GX	LS	NX	GS	RC F	LFA	CT	IS C	IS F	SC	UX																																																																			
Li Auto	L9	L7	L6																																																																																			
Lincoln	Navigator	Nautilus	Aviator	Navigator L	MKZ	Corsair	MKX	MKT	Continental	MKS	Town Car	MKC																																																																										
Livan	X6 Pro	S6 Pro																																																																																				
Lotus	Emeya	Eletre	Emira	Evija	Exige	Elise	Evora																																																																															
LS Auto																																																																																						
Lucid	Air																																																																																					
Luxgen	Luxgen7 SUV	Luxgen7 MPV	U6	S5	U7																																																																																	
Lynk and Co	900	01	03	05	06	09																																																																																
Mahindra	Scorpio	Scorpio Pikup	XUV500																																																																																			
Maserati	GranTurismo	Grecale	Levante	MC20	Ghibli	Quattroporte	GranCabrio	Coupe	Spyder																																																																													
Maxus	T60 Pickup	V80	G10	G90 Van	D90 MAX	D90	D60	G50	G50 Plus																																																																													
Maybach	57	62																																																																																				
Mazda	2	2 Sedan	3	3 Sedan	6	6 Ultra	6 Wagon	B-Series	CX-3	CX-30	CX-5	CX-60	CX-7	CX-9	CX-90	MX-5	MX-5 RF																																																																					
McLaren	540C Coupe	570GT Coupe	570S Coupe	570S Spider	650S	650S Spider	675LT	675LT Spider	720S	720S Spider	750S	750S Spider	765LT	765LT Spider	Artura	Artura Spider	GT	GTS	MP4-12C	MP4-12C Spider	P1	Senna																																																																
Mercedes-Benz	A 35 AMG	A 45 AMG	A-Class	A-Class Sedan	AMG GT	AMG GT 4-door Coupe	AMG GT Roadster	B-Class	C 63 AMG	C 63 AMG Coupe	C-Class	C-Class Coupe	CL-Class	CLA 35 AMG	CLA 45 AMG	CLA-Class	CLC-Class	CLE Coupe	CLK-Class	CLS 53 AMG	CLS 63 AMG	CLS Shooting Brake	CLS-Class	E 43 AMG	E 53 AMG	E 55 AMG	E 63 AMG	E-Class	E-Class Cabriolet	E-Class Coupe	EQA	EQB	EQC	EQE	EQE 53 AMG	EQE AMG SUV	EQE SUV	EQS	G 580	G 63 AMG	G 65 AMG	G-Class	GL-Class	GLA 35 AMG	GLA-Class	GLB	GLB 35 AMG	GLC 43 AMG	GLC 43 AMG Coupe	GLC 63 AMG	GLC 63 AMG Coupe	GLC-Class	GLC-Class Coupe	GLE 63 AMG	GLE 63 AMG Coupe	GLE-Class	GLE-Class Coupe	GLK-Class	GLS 63 AMG	GLS-Class	M-Class	ML 63 AMG	R-Class	S 63 AMG	S 63 AMG Coupe	S 65 AMG	S 65 AMG Coupe	S-Class	S-Class Coupe	S-Class Maybach	SL 43 Roadster AMG	SL 55 Roadster AMG	SL 63 AMG	SL 63 AMG Roadster	SL 65 AMG	SL-Class	SLC 43 AMG	SLC-Class	SLK-Class	SLR McLaren	SLS AMG	SLS AMG Roadster	Sprinter	V-Class	Viano	Vito
Mercury	Grand Marquis	Mountaineer	Milan	Mariner	Montego																																																																																	
MG	3 Hatchback	350	360	4 EV	5	550	6	7	750	8	Cyberster	GS	GT	HS	ONE	RX5	RX8	RX9	Rakan	Whale	ZS																																																																	
MHERO	1																																																																																					
MINI	Cooper	Countryman	Cooper 5-door	Countryman SE	Clubman	Paceman	Coupe	Roadster																																																																														
Mitsubishi	ASX	Attrage	Destinator	Eclipse	Eclipse Cross	Galant	Grandis	L200	Lancer	Lancer EX	Lancer Evolution	Lancer Fortis	Magna	Mirage	Montero Sport	Nativa	Outlander	Outlander PHEV	Pajero	Pajero SWB	Pajero Sport	Xpander	Xpander Cross																																																															
Morgan	Plus 4	3 Wheeler	Roadster	Plus 8	Aero8																																																																																	
Nio	EL8	ET5	EC6																																																																																			
Nissan	350Z	370Z	370Z Roadster	Altima	Altima Coupe	Ariya	Armada	GT-R	Juke	Kicks	Magnite	Maxima	Micra	Murano	Navara	Pathfinder	Pathfinder Classic	Patrol	Patrol Nismo	Patrol PRO-4X	Patrol Pickup	Patrol Safari	Pickup	Qashqai	Sentra	Sunny	Tiida	Urvan	X-Trail	Xterra	Z																																																							
Noble	M600																																																																																					
Omoda	C5																																																																																					
Opel	Adam	Antara	Astra	Astra GTC	Astra OPC	Corsa	Corsa OPC	Crossland X	Grandland	Grandland X	Insignia	Insignia OPC	Meriva	Mokka	Vectra	Vivaro	Zafira	Zafira Life																																																																				
Oullim	Spirra																																																																																					
Pagani	Huayra																																																																																					
Peugeot	2008	206	207	208	3008	3008 Hybrid 4	301	307	308	308 CC	407	407 Coupe	408	5008	508	607	Boxer	Expert	LandTrek	Partner	RCZ	Traveller	e-2008	e-208																																																														
PGO	Cevennes	Speedster																																																																																				
Polestar	4	2	3																																																																																			
Porsche	911	911 Cabriolet	911 GT2	911 GT3	911 Targa	911 Turbo	911 Turbo Cabriolet	918 Spyder	Boxster	Cayenne	Cayenne Coupe	Cayenne Electric	Cayman	Macan	Panamera	Panamera Sport Turismo	Taycan	Taycan Turbo																																																																				
Proton	Waja	GEN-2	Savvy	Wira																																																																																		
Rabdan	One																																																																																					
Renault	Arkana	Captur	Clio	Clio RS	Dokker Van	Duster	Espace	Express Van	Fluence	Koleos	Laguna	Laguna Coupe	Logan	Logan Van	Master	Megane	Megane CC	Megane GT	Megane RS	Safrane	Sandero	Scenic	Symbol	Talisman	Trafic	Twizy	Zoe																																																											
Rolls Royce	Cullinan	Spectre	Ghost	Phantom	Dawn	Wraith	Drophead Coupe	Silver Seraph																																																																														
ROX	01	Adamas																																																																																				
Saab	9-3	9-5	9-7X																																																																																			
Seat	Ibiza	Altea	Leon	Exeo	Cordoba	Toledo																																																																																
Seres	5 SF	5	7																																																																																			
Skoda	Kodiaq	Octavia	Kushaq	Superb	Karoq	Kamiq	Scala	Fabia	Yeti	Roomster																																																																												
Skywell	ET5																																																																																					
Smart	1	3	5																																																																																			
Soueast	S06	S07	S08DM	S09	S06DM	DX3	DX7																																																																															
Spyker	C8																																																																																					
Ssangyong	Rexton	Actyon	Korando	Kyron	Tivoli	Rodius	Musso																																																																															
Subaru	Forester	BRZ	Outback	Impreza WRX	Crosstrek	Legacy	Impreza	Impreza WRX STI	XV	Tribeca																																																																												
Suzuki	APV	Alto	Baleno	Carry	Celerio	Ciaz	Dzire	Ertiga	Fronx	Grand Vitara	Ignis	Ignis Crossover	Jimny	Jimny 5-door	Kizashi	Liana	SX4	Swift	Swift Dzire	Vitara	XL7																																																																	
Tank	700	500	300																																																																																			
Tata	Xenon	Indigo	Indica																																																																																			
Tesla	Model S	Model 3	Model X	Model Y	Cybertruck																																																																																	
Toyota	86	Aurion	Avalon	Avanza	C-HR	Camry	Corolla	Corolla Cross	Crown	FJ Cruiser	Fortuner	GR Corolla	GR Yaris	GR86	Granvia	Hiace	Highlander	Hilux	Innova	Land Cruiser	Land Cruiser 70	Land Cruiser GR Sport	Land Cruiser Pickup	Land Cruiser Prado	Land Cruiser Prado SWB	LiteAce	Previa	Prius	RAV-4	Raize	Rush	Sequoia	Supra	Urban Cruiser	Veloz	Yaris	Yaris Sedan	Zelas	xA																																															
VGV	U70 Pro	U75 Plus																																																																																				
VinFast	VF8																																																																																					
Volkswagen	Amarok	Arteon	Beetle	Beetle Cabriolet	Eos	Golf	Golf GTI	Golf Plus	Golf R	Golf R32	Jetta	Multivan	Passat	Passat CC	Phaeton	Polo	Polo Sedan	Scirocco	Scirocco R	Sharan	T-Roc	Teramont	Tiguan	Touareg	Touran																																																													
Volvo	C30	C40 Recharge	C70	EX30	S40	S60	S60 Polestar	S80	S90	S90 Recharge	V40	V50	V60	V60 Polestar	V70	V90	V90 Cross Country	XC40	XC40 Recharge	XC60	XC70	XC90																																																																
Voyah	Free	Dream																																																																																				
WEY	03																																																																																					
Xpeng	G9	G6																																																																																				
Yangwang	U8																																																																																					
Zeekr	7X	X	001	9X																																																																																		
ZNA	Rich	Oting	Yumsun																																																																																			
Zotye	Z100	T600	SR9	T700	T300	T600 Sport																																																																																